{
  "lang":"en",
  "name":"pipeline",
  "version":"0.0.0",
  "spacy_version":">=3.7.2,<3.8.0",
  "description":"",
  "author":"",
  "email":"",
  "url":"",
  "license":"",
  "spacy_git_version":"a89eae928",
  "vectors":{
    "width":0,
    "vectors":0,
    "keys":0,
    "name":null,
    "mode":"default"
  },
  "labels":{
    "transformer":[

    ],
    "ner":[
      "COLLEGE",
      "DATE",
      "DEG",
      "DESIGNATION",
      "EMAIL",
      "EXPERIENCE",
      "LANG",
      "LEAD",
      "LINK",
      "LOC",
      "ORG",
      "PER",
      "PHONE",
      "SECTION",
      "SKILL"
    ]
  },
  "pipeline":[
    "transformer",
    "ner"
  ],
  "components":[
    "transformer",
    "ner"
  ],
  "disabled":[

  ],
  "performance":{
    "ents_f":0.7665532178,
    "ents_p":0.8215884596,
    "ents_r":0.7184283022,
    "ents_per_type":{
      "PER":{
        "p":0.9103139013,
        "r":0.9185520362,
        "f":0.9144144144
      },
      "DESIGNATION":{
        "p":0.3640552995,
        "r":0.1832946636,
        "f":0.2438271605
      },
      "SECTION":{
        "p":0.9638554217,
        "r":0.7891491985,
        "f":0.8677966102
      },
      "SKILL":{
        "p":0.9163439194,
        "r":0.8510791367,
        "f":0.8825065274
      },
      "LINK":{
        "p":0.6880733945,
        "r":0.853485064,
        "f":0.7619047619
      },
      "DATE":{
        "p":0.8903020668,
        "r":0.8259587021,
        "f":0.856924254
      },
      "LEAD":{
        "p":0.740625,
        "r":0.8943396226,
        "f":0.8102564103
      },
      "COLLEGE":{
        "p":0.213592233,
        "r":0.0797101449,
        "f":0.1160949868
      },
      "DEG":{
        "p":0.2670454545,
        "r":0.2338308458,
        "f":0.24933687
      },
      "ORG":{
        "p":0.6976744186,
        "r":0.2830188679,
        "f":0.4026845638
      },
      "EXPERIENCE":{
        "p":0.0,
        "r":0.0,
        "f":0.0
      },
      "LOC":{
        "p":0.0,
        "r":0.0,
        "f":0.0
      },
      "LANG":{
        "p":0.9568965517,
        "r":0.7762237762,
        "f":0.8571428571
      },
      "EMAIL":{
        "p":0.0,
        "r":0.0,
        "f":0.0
      },
      "PHONE":{
        "p":0.0,
        "r":0.0,
        "f":0.0
      }
    },
    "transformer_loss":86440.6080669761,
    "ner_loss":34099.012271029
  }
}