{
  "lang":"en",
  "name":"pipeline",
  "version":"0.0.0",
  "spacy_version":">=3.7.2,<3.8.0",
  "description":"",
  "author":"",
  "email":"",
  "url":"",
  "license":"",
  "spacy_git_version":"a89eae928",
  "vectors":{
    "width":0,
    "vectors":0,
    "keys":0,
    "name":null,
    "mode":"default"
  },
  "labels":{
    "transformer":[

    ],
    "ner":[
      "CERT",
      "COLLEGE",
      "DATE",
      "DEG",
      "DESIGNATION",
      "EMAIL",
      "LANG",
      "LEAD",
      "LINK",
      "LOC",
      "ORG",
      "PER",
      "PHONE",
      "SECTION",
      "SKILL"
    ]
  },
  "pipeline":[
    "transformer",
    "ner"
  ],
  "components":[
    "transformer",
    "ner"
  ],
  "disabled":[

  ],
  "performance":{
    "ents_f":0.9118923965,
    "ents_p":0.8874794912,
    "ents_r":0.9376864002,
    "ents_per_type":{
      "LEAD":{
        "p":0.9591463415,
        "r":0.986825596,
        "f":0.9727891156
      },
      "EMAIL":{
        "p":0.9748792271,
        "r":0.9911591356,
        "f":0.9829517779
      },
      "PHONE":{
        "p":0.3134142546,
        "r":0.9980178394,
        "f":0.4770251066
      },
      "SECTION":{
        "p":0.9292883212,
        "r":0.9693076374,
        "f":0.9488762082
      },
      "DEG":{
        "p":0.7300699301,
        "r":0.6683738796,
        "f":0.6978609626
      },
      "SKILL":{
        "p":0.9728756331,
        "r":0.9749605233,
        "f":0.9739169624
      },
      "PER":{
        "p":0.8081784387,
        "r":0.8185240964,
        "f":0.8133183689
      },
      "LANG":{
        "p":0.9953367876,
        "r":0.9463054187,
        "f":0.9702020202
      },
      "LINK":{
        "p":0.9239391513,
        "r":0.9156307855,
        "f":0.9197662062
      },
      "ORG":{
        "p":0.620404188,
        "r":0.8510354041,
        "f":0.7176454021
      },
      "COLLEGE":{
        "p":0.9676724138,
        "r":0.7629566695,
        "f":0.8532066508
      },
      "LOC":{
        "p":0.6344339623,
        "r":0.9641577061,
        "f":0.7652916074
      },
      "DATE":{
        "p":0.9539181863,
        "r":0.9280748022,
        "f":0.9408190546
      },
      "CERT":{
        "p":0.8911917098,
        "r":0.9433272395,
        "f":0.9165186501
      },
      "DESIGNATION":{
        "p":0.8403536141,
        "r":0.7761767531,
        "f":0.8069912609
      },
      "EXPERIENCE":{
        "p":0.0,
        "r":0.0,
        "f":0.0
      }
    },
    "transformer_loss":1608.4422589153,
    "ner_loss":7379.2378917579
  }
}